location_id,location_name,sensor_id,latitude,longitude,provider,owner,is_reference_monitor,is_mobile,sensor_datetime_first_utc,sensor_datetime_last_utc,history_days,recent_window_days,recent_unique_hours,recent_expected_hours,recent_coverage_pct,hours_since_latest,recent_numeric_values,negative_values,is_recent,sufficient_history,sufficient_recent_coverage,valid_values,usable_for_multilocation,score
4757305,Forman Christian College & Chartered University,13341452,31.521146,74.333954,AirGradient,The Urban Unit,False,False,2025-06-16T10:00:00+00:00,2026-08-24T18:00:00+00:00,434.3,30,715,720,99.31,1.3,715,0,True,True,True,True,True,12
4527035,Civil Secretariat,13153587,31.565942,74.2993626,AirGradient,The Urban Unit,False,False,2025-05-26T07:00:00+00:00,2026-08-24T18:00:00+00:00,455.5,30,713,720,99.03,1.3,713,0,True,True,True,True,True,12
4527173,Learning Alliance Intl. DHA,13154528,31.525621,74.436078,AirGradient,The Urban Unit,False,False,2025-05-26T09:00:00+00:00,2026-08-24T18:00:00+00:00,455.4,30,712,720,98.89,1.3,712,0,True,True,True,True,True,12
4515157,"Barki, Lahore",13137726,31.4591591,74.5396309,AirGradient,AirGradient,False,False,2025-05-24T17:00:00+00:00,2026-08-24T18:00:00+00:00,457.0,30,710,720,98.61,1.3,710,0,True,True,True,True,True,12
4609353,Kahna Hospital ,13230942,31.371023502439286,74.36487268127355,AirGradient,The Urban Unit,False,False,2025-06-03T14:00:00+00:00,2026-08-24T18:00:00+00:00,447.2,30,694,720,96.39,1.3,694,0,True,True,True,True,True,12
4618814,Gulberg III,13238783,31.508051,74.337544,AirGradient,The Urban Unit,False,False,2025-06-04T12:00:00+00:00,2026-08-24T18:00:00+00:00,446.2,30,691,720,95.97,1.3,691,0,True,True,True,True,True,12
4568423,Model Town,13192746,31.491676,74.313288,AirGradient,The Urban Unit,False,False,2025-05-30T12:00:00+00:00,2026-08-24T16:00:00+00:00,451.2,30,689,720,95.69,3.3,689,0,True,True,True,True,True,12
4605119,College Road,13223107,31.421799,74.274837,AirGradient,The Urban Unit,False,False,2025-06-02T18:00:00+00:00,2026-08-24T18:00:00+00:00,448.0,30,683,720,94.86,1.3,683,0,True,True,True,True,True,12
4555745,Ravi Road,13183459,31.602875,74.300927,AirGradient,The Urban Unit,False,False,2025-05-29T11:00:00+00:00,2026-08-24T16:00:00+00:00,452.2,30,670,720,93.06,3.3,670,0,True,True,True,True,True,12
4527402,"HBFC Society, DHA Phase 5 (Hussainy House)",13156083,31.4571645,74.4106586,AirGradient,The Urban Unit,False,False,2025-05-26T13:00:00+00:00,2026-08-24T18:00:00+00:00,455.2,30,665,720,92.36,1.3,665,0,True,True,True,True,True,12
4565933,"IEEE, Punjab University, LHR",13190998,31.495322,74.295056,AirGradient,The Urban Unit,False,False,2025-05-30T07:00:00+00:00,2026-08-24T18:00:00+00:00,451.5,30,660,720,91.67,1.3,660,0,True,True,True,True,True,12
6135306,Askari 10,14671481,31.5353,74.4172,Hawanama,Pakistan Air Quality Initiative (PAQI پاکی),False,False,2025-11-18T14:00:00+00:00,2026-08-24T16:00:00+00:00,279.1,30,713,720,99.03,3.3,713,0,True,True,True,True,True,11
6135353,The University of Lahore,14671528,31.3912,74.2414,Hawanama,Pakistan Air Quality Initiative (PAQI پاکی),False,False,2025-11-18T14:00:00+00:00,2026-08-24T16:00:00+00:00,279.1,30,713,720,99.03,3.3,713,0,True,True,True,True,True,11
6135340,Tufail Road near Rahat Bakery,14671515,31.5298,74.3776,Hawanama,Pakistan Air Quality Initiative (PAQI پاکی),False,False,2025-11-18T14:00:00+00:00,2026-08-24T16:00:00+00:00,279.1,30,701,720,97.36,3.3,701,0,True,True,True,True,True,11
6135313,Ghazi Road Interchange,14671488,31.489402,74.4176706,Hawanama,Pakistan Air Quality Initiative (PAQI پاکی),False,False,2025-11-18T14:00:00+00:00,2026-08-24T16:00:00+00:00,279.1,30,700,720,97.22,3.3,700,0,True,True,True,True,True,11
6135350,NPPMCL,14671525,31.5182,74.3508,Hawanama,Pakistan Air Quality Initiative (PAQI پاکی),False,False,2025-11-18T14:00:00+00:00,2026-08-24T16:00:00+00:00,279.1,30,700,720,97.22,3.3,700,0,True,True,True,True,True,11
6135357,VTS,14671532,31.5083,74.321,Hawanama,Pakistan Air Quality Initiative (PAQI پاکی),False,False,2025-11-18T14:00:00+00:00,2026-08-24T16:00:00+00:00,279.1,30,700,720,97.22,3.3,700,0,True,True,True,True,True,11
6135368,FF Pakistan - 1,14671543,31.4551,74.437,Hawanama,Pakistan Air Quality Initiative (PAQI پاکی),False,False,2025-11-18T14:00:00+00:00,2026-08-24T16:00:00+00:00,279.1,30,699,720,97.08,3.3,699,0,True,True,True,True,True,11
6135295,Pakistan Engineering Services (Pvt) Ltd.,14671470,31.4671,74.4169,Hawanama,Pakistan Air Quality Initiative (PAQI پاکی),False,False,2025-11-18T14:00:00+00:00,2026-08-24T16:00:00+00:00,279.1,30,698,720,96.94,3.3,698,0,True,True,True,True,True,11
6135309,Scarsdale International School,14671484,31.4637,74.3749,Hawanama,Pakistan Air Quality Initiative (PAQI پاکی),False,False,2025-11-18T14:00:00+00:00,2026-08-24T16:00:00+00:00,279.1,30,698,720,96.94,3.3,698,0,True,True,True,True,True,11
6135336,Syed Maratib Ali Road,14671511,31.5287712,74.3454402,Hawanama,Pakistan Air Quality Initiative (PAQI پاکی),False,False,2025-11-18T14:00:00+00:00,2026-08-24T16:00:00+00:00,279.1,30,698,720,96.94,3.3,698,0,True,True,True,True,True,11
6135377,Johar Town B LHE,14671552,31.47,74.2611,Hawanama,Pakistan Air Quality Initiative (PAQI پاکی),False,False,2025-11-18T14:00:00+00:00,2026-08-24T16:00:00+00:00,279.1,30,698,720,96.94,3.3,698,0,True,True,True,True,True,11
6135360,Allama Iqbal Town B LHE,14671535,31.5169,74.2849,Hawanama,Pakistan Air Quality Initiative (PAQI پاکی),False,False,2025-11-18T14:00:00+00:00,2026-08-24T16:00:00+00:00,279.1,30,697,720,96.81,3.3,697,0,True,True,True,True,True,11
6135299,Yani Home,14671474,31.4788,74.4726,Hawanama,Pakistan Air Quality Initiative (PAQI پاکی),False,False,2025-11-18T14:00:00+00:00,2026-08-24T16:00:00+00:00,279.1,30,696,720,96.67,3.3,696,0,True,True,True,True,True,11
6135328,Honda Gateway,14671503,31.4515,74.2098,Hawanama,Pakistan Air Quality Initiative (PAQI پاکی),False,False,2025-11-18T14:00:00+00:00,2026-08-24T16:00:00+00:00,279.1,30,696,720,96.67,3.3,696,0,True,True,True,True,True,11
6135330,University of Central Punjab,14671505,31.4469,74.2677,Hawanama,Pakistan Air Quality Initiative (PAQI پاکی),False,False,2025-11-18T14:00:00+00:00,2026-08-24T16:00:00+00:00,279.1,30,692,720,96.11,3.3,692,0,True,True,True,True,True,11
6135349,Diamond Paint industries PVT LTD.,14671524,31.4598,74.329,Hawanama,Pakistan Air Quality Initiative (PAQI پاکی),False,False,2025-11-18T14:00:00+00:00,2026-08-24T16:00:00+00:00,279.1,30,687,720,95.42,3.3,687,0,True,True,True,True,True,11
6135324,Shadman Market B LHE,14671499,31.5406,74.331,Hawanama,Pakistan Air Quality Initiative (PAQI پاکی),False,False,2025-11-18T14:00:00+00:00,2026-08-24T16:00:00+00:00,279.1,30,684,720,95.0,3.3,684,0,True,True,True,True,True,11
6135374,"Near Ada Plot, Raiwind Road",14671549,31.3766,74.2379,Hawanama,Pakistan Air Quality Initiative (PAQI پاکی),False,False,2025-11-18T14:00:00+00:00,2026-08-24T16:00:00+00:00,279.1,30,684,720,95.0,3.3,684,0,True,True,True,True,True,11
6135319,Revenue Employees Coop Housing Society,14671494,31.4485,74.288,Hawanama,Pakistan Air Quality Initiative (PAQI پاکی),False,False,2025-11-18T14:00:00+00:00,2026-08-24T16:00:00+00:00,279.1,30,681,720,94.58,3.3,681,0,True,True,True,True,True,11
6135329,LAS Lahore,14671504,31.5466,74.3538,Hawanama,Pakistan Air Quality Initiative (PAQI پاکی),False,False,2025-11-18T14:00:00+00:00,2026-08-24T16:00:00+00:00,279.1,30,677,720,94.03,3.3,677,0,True,True,True,True,True,11
6135351,Hiking & Mountaineering Club GCU Lahore,14671526,31.5741,74.308,Hawanama,Pakistan Air Quality Initiative (PAQI پاکی),False,False,2025-11-18T14:00:00+00:00,2026-08-24T16:00:00+00:00,279.1,30,677,720,94.03,3.3,677,0,True,True,True,True,True,11
6135293,"B Block, Phase 5, DHA",14671468,31.4646,74.4204,Hawanama,Pakistan Air Quality Initiative (PAQI پاکی),False,False,2025-11-18T14:00:00+00:00,2026-08-24T16:00:00+00:00,279.1,30,660,720,91.67,3.3,660,0,True,True,True,True,True,11
4527306,FOOT & MOUTH DISEASE RESEARCH CENTRE,13155469,31.53574,74.43538,AirGradient,The Urban Unit,False,False,2025-05-26T11:00:00+00:00,2026-08-24T18:00:00+00:00,455.3,30,592,720,82.22,1.3,592,0,True,True,True,True,True,11
4554729,Sandha Road,13182280,31.562302,74.3027031,AirGradient,The Urban Unit,False,False,2025-05-29T08:00:00+00:00,2026-08-24T18:00:00+00:00,452.4,30,572,720,79.44,1.3,572,0,True,True,True,True,True,11
4700982,Samanabad,13302769,31.541983,74.298065,AirGradient,The Urban Unit,False,False,2025-06-11T14:00:00+00:00,2026-08-24T18:00:00+00:00,439.2,30,571,720,79.31,1.3,571,0,True,True,True,True,True,11
5371017,Thokar Niaz Baig,13817570,31.473135638585408,74.23981655978756,AirGradient,The Urban Unit,False,False,2025-08-09T11:00:00+00:00,2026-08-24T18:00:00+00:00,380.3,30,519,720,72.08,1.3,519,0,True,True,True,True,True,11
6135323,Gurumangat Rd B LHE,14671498,31.5047,74.358,Hawanama,Pakistan Air Quality Initiative (PAQI پاکی),False,False,2025-11-18T14:00:00+00:00,2026-08-24T12:00:00+00:00,278.9,30,574,720,79.72,7.3,574,0,True,True,True,True,True,10
6135289,Bedian Thethar Rd LHE,14671464,31.4139,74.4581,Hawanama,Pakistan Air Quality Initiative (PAQI پاکی),False,False,2025-11-18T14:00:00+00:00,2026-08-24T16:00:00+00:00,279.1,30,569,720,79.03,3.3,569,0,True,True,True,True,True,10
6135326,Ferozepur Rd A LHE,14671501,31.4766,74.344,Hawanama,Pakistan Air Quality Initiative (PAQI پاکی),False,False,2025-11-18T14:00:00+00:00,2026-08-24T16:00:00+00:00,279.1,30,563,720,78.19,3.3,563,0,True,True,True,True,True,10
6135507,"Model Town, CD Ground",14686635,31.491676,74.313288,Hawanama,Pakistan Air Quality Initiative (PAQI پاکی),False,False,2025-11-20T12:00:00+00:00,2026-08-24T15:00:00+00:00,277.1,30,520,720,72.22,4.3,520,0,True,True,True,True,True,10
6135457,GENERATION Pvt ltd,14675087,31.4081,74.3584,Hawanama,Pakistan Air Quality Initiative (PAQI پاکی),False,False,2025-11-19T06:00:00+00:00,2026-08-24T16:00:00+00:00,278.4,30,491,720,68.19,3.3,491,0,True,True,True,True,True,10
1894641,Lahore,7466365,31.54815,74.34396,Clarity,Clarity,False,False,2023-11-28T17:00:00+00:00,2026-08-24T17:52:59+00:00,1000.0,30,378,720,52.5,1.3,378,0,True,True,False,True,False,8
4535267,Gajju Matta (Kahna),13163333,31.377378,74.350574,AirGradient,The Urban Unit,False,False,2025-05-27T07:00:00+00:00,2026-08-22T09:00:00+00:00,452.1,30,87,720,12.08,58.3,87,0,True,True,False,True,False,8
4698865,Cantonment,13300980,31.539422,74.413792,AirGradient,The Urban Unit,False,False,2025-06-11T08:00:00+00:00,2026-08-22T04:00:00+00:00,436.8,30,43,720,5.97,63.3,43,0,True,True,False,True,False,8
6125629,"ARC, Lahore",14599816,31.522056,74.314944,AirGradient,The Urban Unit,False,False,2025-11-10T12:00:00+00:00,2026-08-24T18:00:00+00:00,287.2,30,427,720,59.31,1.3,427,0,True,True,False,True,False,7
6135344,Kickstart MM Alam,14671519,31.5051,74.3486,Hawanama,Pakistan Air Quality Initiative (PAQI پاکی),False,False,2025-11-18T14:00:00+00:00,2026-08-24T16:00:00+00:00,279.1,30,418,720,58.06,3.3,418,0,True,True,False,True,False,7
6135493,Samanabad,14686631,31.541983,74.298065,Hawanama,Pakistan Air Quality Initiative (PAQI پاکی),False,False,2025-11-20T12:00:00+00:00,2026-08-24T15:00:00+00:00,277.1,30,381,720,52.92,4.3,381,0,True,True,False,True,False,7
4699919,Pak Arab,14152835,31.418387,74.345283,AirGradient,The Urban Unit,False,False,2025-09-19T00:00:00+00:00,2026-08-24T18:00:00+00:00,339.8,30,370,720,51.39,1.3,370,0,True,True,False,True,False,7
6135348,HC - Askari 10,14671523,31.5307,74.4115,Hawanama,Pakistan Air Quality Initiative (PAQI پاکی),False,False,2025-11-18T14:00:00+00:00,2026-08-24T16:00:00+00:00,279.1,30,367,720,50.97,3.3,367,0,True,True,False,True,False,7
6135421,Model Town B LHE,14677802,31.4824,74.308,Hawanama,Pakistan Air Quality Initiative (PAQI پاکی),False,False,2025-11-19T08:00:00+00:00,2026-08-24T12:00:00+00:00,278.2,30,338,720,46.94,7.3,338,0,True,True,False,True,False,7
6236626,Bahria Town ,15420347,31.378524,74.183937,AirGradient,The Urban Unit,False,False,2026-02-11T17:00:00+00:00,2026-08-24T16:00:00+00:00,194.0,30,296,720,41.11,3.3,296,0,True,True,False,True,False,7
4557686,Shalimar Town,13184347,31.574289,74.447898,AirGradient,The Urban Unit,False,False,2025-05-29T13:00:00+00:00,2026-08-13T15:00:00+00:00,441.1,30,16,720,2.22,268.3,16,0,False,True,False,True,False,5
6135366,Phase8-DHA,14671541,31.52903121887204,74.4381257796822,Hawanama,Pakistan Air Quality Initiative (PAQI پاکی),False,False,2025-11-18T14:00:00+00:00,2026-08-08T05:00:00+00:00,262.6,30,319,720,44.31,398.3,319,0,False,True,False,True,False,4
6135320,Model Town A LHE,14671495,31.4784,74.3238,Hawanama,Pakistan Air Quality Initiative (PAQI پاکی),False,False,2025-11-18T14:00:00+00:00,2026-08-07T14:00:00+00:00,262.0,30,295,720,40.97,413.3,295,0,False,True,False,True,False,4
6135533,University of Management and Technology,14828965,31.4515,74.2943,Hawanama,Pakistan Air Quality Initiative (PAQI پاکی),False,False,2025-12-07T23:00:00+00:00,2026-08-18T12:00:00+00:00,253.5,30,64,720,8.89,151.3,64,0,False,True,False,True,False,4
6135318,WWF-PAKISTAN,14671493,31.4853,74.3415,Hawanama,Pakistan Air Quality Initiative (PAQI پاکی),False,False,2025-11-18T14:00:00+00:00,2026-07-31T11:00:00+00:00,254.9,30,17,720,2.36,584.3,17,0,False,True,False,True,False,4
6135301,Grand Charter School,14671476,31.4721,74.3192,Hawanama,Pakistan Air Quality Initiative (PAQI پاکی),False,False,2025-11-18T14:00:00+00:00,2026-08-05T09:00:00+00:00,259.8,30,10,720,1.39,466.3,10,0,False,True,False,True,False,4
8664,US Diplomatic Post: Lahore,25135,31.560078,74.33589,StateAir Lahore,Unknown Governmental Organization,True,False,2019-05-22T22:00:00+00:00,2025-03-04T12:00:00+00:00,2112.6,30,0,720,0.0,12918.3,0,0,False,True,False,False,False,4
6135364,CERP Office,14671539,31.5236,74.3524,Hawanama,Pakistan Air Quality Initiative (PAQI پاکی),False,False,2025-11-18T14:00:00+00:00,2026-07-24T18:00:00+00:00,248.2,30,0,720,0.0,744.3,0,0,False,True,False,False,False,3
4566427,Johar Town,13191315,31.460056,74.280672,AirGradient,The Urban Unit,False,False,2025-05-30T08:00:00+00:00,2026-01-08T05:00:00+00:00,222.9,30,0,720,0.0,5485.3,0,0,False,True,False,False,False,3
6135458,Valancia Town Lahore,14723649,31.4096,74.2617,Hawanama,Pakistan Air Quality Initiative (PAQI پاکی),False,False,2025-11-25T13:00:00+00:00,2026-06-13T14:00:00+00:00,200.0,30,0,720,0.0,1732.3,0,0,False,True,False,False,False,3
6135356,W.R,14671531,31.4761,74.405,Hawanama,Pakistan Air Quality Initiative (PAQI پاکی),False,False,2025-11-18T14:00:00+00:00,2026-05-07T14:00:00+00:00,170.0,30,0,720,0.0,2620.3,0,0,False,True,False,False,False,2
6135343,Powerzone head office,14671518,31.393,74.2408,Hawanama,Pakistan Air Quality Initiative (PAQI پاکی),False,False,2025-11-18T14:00:00+00:00,2026-04-28T00:00:00+00:00,160.4,30,0,720,0.0,2850.3,0,0,False,True,False,False,False,2
6135370,Burki Rd B LHE,14671545,31.5332,74.4504,Hawanama,Pakistan Air Quality Initiative (PAQI پاکی),False,False,2025-11-18T14:00:00+00:00,2026-04-14T05:00:00+00:00,146.6,30,0,720,0.0,3181.3,0,0,False,True,False,False,False,2
6135333,Trinity School Lahore,14671508,31.4746,74.2786,Hawanama,Pakistan Air Quality Initiative (PAQI پاکی),False,False,2025-11-18T14:00:00+00:00,2026-03-15T22:00:00+00:00,117.3,30,0,720,0.0,3884.3,0,0,False,True,False,False,False,2
6135316,FF Pakistan,14671491,31.4714,74.2879,Hawanama,Pakistan Air Quality Initiative (PAQI پاکی),False,False,2025-11-18T15:00:00+00:00,2026-03-04T23:00:00+00:00,106.3,30,0,720,0.0,4147.3,0,0,False,True,False,False,False,2
6472254,Rehmanpura ,17125528,31.523668,74.319444,AirGradient,AirGradient,False,False,2026-08-03T06:00:00+00:00,2026-08-03T09:00:00+00:00,0.1,30,4,720,0.56,514.3,4,0,False,False,False,True,False,1
4608421,"Assistant Commissioner Office, Allama Iqbal ",13229197,31.47188,74.239512,AirGradient,AirGradient,False,False,2025-06-03T09:00:00+00:00,2025-08-01T10:00:00+00:00,59.0,30,0,720,0.0,9320.3,0,0,False,False,False,False,False,0
6135528,"Abdullah Khokhar, House Johar Town",14686639,31.460056,74.280672,Hawanama,Pakistan Air Quality Initiative (PAQI پاکی),False,False,2025-11-20T12:00:00+00:00,2025-12-25T04:00:00+00:00,34.7,30,0,720,0.0,5822.3,0,0,False,False,False,False,False,0
6135473,"BAM,  Civil Secretariat",14686628,31.565942,74.299363,Hawanama,Pakistan Air Quality Initiative (PAQI پاکی),False,False,2025-11-20T12:00:00+00:00,2025-12-23T08:00:00+00:00,32.8,30,0,720,0.0,5866.3,0,0,False,False,False,False,False,0
6135373,Climate Finance Pakistan (PakAirQuality),14671548,31.5378,74.3441,Hawanama,Pakistan Air Quality Initiative (PAQI پاکی),False,False,2025-11-18T14:00:00+00:00,2025-12-09T08:00:00+00:00,20.8,30,0,720,0.0,6202.3,0,0,False,False,False,False,False,0
6135496,SOS Johar Town LHR,14806380,31.4544,74.2825,Hawanama,Pakistan Air Quality Initiative (PAQI پاکی),False,False,2025-12-05T08:00:00+00:00,2025-12-10T12:00:00+00:00,5.2,30,0,720,0.0,6174.3,0,0,False,False,False,False,False,0
6135466,"The Bank of Punjab, Head Office, BOP Tower, Gulberg III.",14686625,31.508051,74.337544,Hawanama,Pakistan Air Quality Initiative (PAQI پاکی),False,False,2025-11-20T12:00:00+00:00,2025-11-24T14:00:00+00:00,4.1,30,0,720,0.0,6556.3,0,0,False,False,False,False,False,0
6135476,"AC OFFICE NISHTAR, GAJUMATA",14686630,31.377378,74.350574,Hawanama,Pakistan Air Quality Initiative (PAQI پاکی),False,False,2025-11-20T12:00:00+00:00,2025-11-23T19:00:00+00:00,3.3,30,0,720,0.0,6575.3,0,0,False,False,False,False,False,0
6093552,Test Device,14363855,31.485304,74.341333,AirGradient,AirGradient,False,False,2025-10-13T07:00:00+00:00,2025-10-14T10:00:00+00:00,1.1,30,0,720,0.0,7544.3,0,0,False,False,False,False,False,0
